TIME,JYJAI_CAL5,JYJAI_CAL6,JYJAI_CAL7
,17.710791082251088,1.0625410911494293,1.6726537502895642
,17.872925070346334,1.0628535002841877,1.4387214083139077
,18.808936170634926,1.065049595625602,1.3025835389610387
,15.654288604370768,1.064026782191619,1.6447681746031728
,16.16904179653679,1.0659219373142728,1.5811376190476167
,17.2354095544733,1.065255939335644,1.621254087301585
,17.73727391955266,1.0657658556693106,1.446702420634919
,18.95873566017315,1.0653858593795809,1.5839282341269834
,17.88050313672438,1.0654254384343684,1.695669763939762
,18.33684326914099,1.064889899493488,1.1697074587449594
,18.91818752578303,1.0659499240785424,0.9611447486772495
,19.149828872655124,1.0644809115365974,1.4808335942760946
,19.43836623896528,1.0655497482172023,1.117852447089948
,18.785860532245533,1.0630769018641104,1.5606205820105803
,18.19611123737375,1.0633046524882754,1.1760133994709008
,17.18751694556261,1.063131586644774,1.7272394672919646
,16.992918050348337,1.0628439556652751,1.7720538974913953
,17.44529947344321,1.0638467149982243,2.265061976495724
,16.29108335775335,1.0638345246528704,1.991254694749691
,17.880044395743163,1.063645731989239,1.486508909019723
,18.704622947330453,1.0651332769361215,1.456143380230879
,18.408911671800425,1.065301323988598,1.4368934530867663
,18.65755471028971,1.0656646619445016,1.6279026659451652
,19.28687149600399,1.0653526518274257,1.1462255952380964
,19.031073095931834,1.062850802191143,1.8897948043296546
,19.345448754301252,1.0642062394251497,1.8072778093801591
,18.773767827172822,1.0636421241637293,1.8564548891059898
,19.347973197635692,1.0635502168720294,1.7838551938339415
,18.95682337620713,1.063131535942611,1.9115948366910838
,19.018715179186753,1.0627464224167626,2.4030747573260034
,18.93990185306843,1.0634303576338444,2.084535487951587
,18.1810539473027,1.0628099678990583,2.2892642414529876
,19.286544490231986,1.0637967588224055,1.543385366300363
,17.798892908341667,1.061869389808566,1.998812658730154
,19.11258263056388,1.063599570221925,1.3436260912698403
,18.415768117292068,1.0616302465264524,2.059286111111106
,17.860932497960306,1.0599816107081361,2.810806480463973
,18.867058698859623,1.0616401967258766,2.5463821626984062
,18.23886078558275,1.06137750011693,2.460955519064262
,18.941577095106567,1.0612801552395854,2.5556721230158668
,18.180137394186573,1.0607313554232092,2.806026567460311
,18.29465253578109,1.0610991441994733,2.6235617063491996
,18.425922405698753,1.0617908230109503,1.9787201388888846
,19.239124834668242,1.0626928883067657,1.6920205753968214
,19.17006433751693,1.0621678765823785,1.9826629960317417
,20.007118683874594,1.0629087044402363,1.7925249206349159
,19.869518683874595,1.0631017653121129,1.6186527777777735
,17.821377008734604,1.0616143585644888,2.177484742063486
,18.34836298095684,1.062882591189656,1.4072626190476176
,16.680446093290414,1.062126491060211,1.3712941071428582
,14.952360845492233,1.0616854743038484,1.146270972222224
,16.16729127325289,1.063422217913015,2.307771670940166
,17.293657555361303,1.0643497487104,2.289048563797309
,16.79980283161283,1.0640527783496678,1.3575168098290589
,16.4098629037629,1.0639228715173696,1.8716674050671531
,20.790885730241985,1.06480865674683,2.615818908730152
,19.428645152097896,1.0639656165247255,2.2371222420634855
,17.979111720969083,1.0637532829297962,1.388508749999998
,17.678284875731,1.063461591067394,1.6343915277777752
,18.61927406746032,1.0645260314593772,1.6571527976190454
,18.71123117141917,1.064674862695616,1.5394306114718606
,17.171423155546158,1.0635841047156311,2.2796897781385232
,15.918173393641391,1.0637374167606677,2.358117658730154
,16.261138439589594,1.0633757746038055,2.682366388888884
,16.515325908348906,1.0627439519437072,2.5252805555555504
,16.900906901938644,1.0637718364089686,2.210899722222217
,16.8736212111017,1.063826576623464,2.3995728796203735
,17.4267064095144,1.0639283294553956,2.1865396225996183
,17.78260694264069,1.0638774080214166,2.2682465945165897
,19.674195007002794,1.0643690793025515,1.5677560714285668
,19.017814642857157,1.0651193910810435,1.2610655555555563
,19.11776619047619,1.0649697370794389,1.4590876190476183
,19.019729087301588,1.0647972664219134,0.8646506313131317
,19.094002234432253,1.064665077330039,1.0576176446492576
,19.36582786754913,1.063890968444332,0.8896113293650798
,18.034121936813193,1.0637248362206568,1.1572236507936513
,17.877772068585013,1.0647076579963723,1.2211280555555555
,18.53546563820983,1.0654181401733962,1.118270468559218
,17.74260513676683,1.0635817223504496,1.6051519642857122
,18.196970879912577,1.0646469891325787,1.3754674404761895
,17.901320652639843,1.0647393675015253,1.1412582738095245
,17.896768547661495,1.0647953490919202,1.3795494642857138
,17.76016853503523,1.0649386629225543,1.225023008241759
,17.583413396146337,1.0656583315010142,1.2011967185592194
,19.02208217352092,1.0662075413965797,1.0554501587301595
,19.801340277777783,1.0645059142435944,0.9509794444444444
,20.007020919913415,1.0658385587628285,1.1077261507936513
,19.819186863275608,1.0663926568869264,0.8156460714285718
,19.274545582611832,1.0663389616591978,0.9074316666666672
,19.048255542929283,1.0659112143421876,1.3466558333333334
,19.825581197691186,1.0655678865829905,1.4040429761904756
,20.114982745310243,1.0650058831456066,1.5021057936507913
,18.745067003968238,1.0659985728291637,1.456390591630589
,19.445001587301576,1.0662447569255333,1.6070712896825363
,19.241962519841255,1.0658669962371972,1.9276923809523765
,18.200116099733606,1.0642074837359454,1.5420292979242978
,17.864463102175606,1.0651467941067339,1.3769042261904756
,18.90529543650792,1.0654517696892265,1.0621836075036084
,19.90990257936506,1.065034901988504,1.216847539682541
,19.54634773088021,1.0660747779108377,1.5483251984126953
,19.143360853174592,1.0666037939019504,1.7840164682539645
,19.236489900793636,1.0662256672098023,1.1556914682539696
,19.329218234126973,1.0664269147112346,1.3518302777777778
,20.228364186507907,1.0661761204123965,1.1523367857142868
,20.542358943001428,1.0663920757646967,1.1960641269841281
,19.26354996933621,1.065462442290914,1.3112645833333332
,19.830678659812406,1.0656708397795256,1.0605730862193377
,19.749447151875895,1.0653387259211624,1.7352145039682494
,19.40890358044732,1.0663191380536516,1.0568520833333341
,19.780678717532467,1.0664763277639226,1.0984045544733059
,19.752684830447325,1.0671522796384807,1.1213868055555567
,19.27844649711399,1.0665795845509956,1.3082810912698413
,19.1694559218559,1.067325803398218,1.521922916666665
,18.560988397574608,1.0678407585405285,1.9057210317460282
,20.071823730297446,1.0690340742787314,0.9954572619047635
,19.727480560966804,1.0651710018579825,1.6082886111111094
,19.731989350649343,1.0652727465930696,1.14098396825397
,19.437280434704178,1.0646973911711397,1.6847584722222206
,19.40780972041847,1.0647701959810638,1.3911890476190476
,18.61251021908647,1.0648991584285181,1.1214578174603178
,17.084611013847265,1.0633106063098285,1.3512680519480509
,17.40731249431125,1.0641905559524514,1.106179361471862
,16.67606932609058,1.0637695062864312,1.3291352507215002
,16.88665245213121,1.063317379334436,1.3355399927849918
,16.77743332223332,1.0621394303112373,1.4873694891219873
,16.360012980519475,1.0626677551209305,1.5645435668498149
,16.631651761183264,1.0622613749877452,1.400566964285713
,17.67204568614718,1.064611056431172,1.2346918849206354
,18.067676708874448,1.0646569587457355,1.61022135225885
,16.805178450327443,1.0637763264307671,2.3432890079365047
,18.116037785714273,1.0652456522321723,1.5327814682539656
,17.955694050144288,1.0629307504431404,1.7549268849206314
,15.639394669536985,1.060943205153604,2.542188432539678
,16.47617862336093,1.0618849439131761,2.420178320707066
,16.056729595583153,1.0610762725680736,2.6945074116161565
,18.137984046092793,1.0619941755065987,2.2882292225829666
,16.528360048840042,1.060517660375266,2.2795858134920586
,17.76697119649141,1.0623005265143295,2.007834265873012
,18.92264482142857,1.0634662182990413,2.3326556666666622
,18.403446260683758,1.0641186492036196,1.6514367658730122
,18.574677103174608,1.0642320055867278,1.6658464087301545
,19.5944533531746,1.064769711039456,1.8072583333333287
,19.864445297619046,1.0645742258302209,1.5880031944444415
,18.7154548526751,1.0648661867842706,1.570607142857139
,19.057963666522053,1.0638527935020643,2.7323824999999946
,19.081585132117876,1.064542727833104,2.3984045833333276
,19.055386579866045,1.0638410295901704,2.1657441071428507
,16.71191512362637,1.0592441875823597,3.365101172438665
,16.93944466269841,1.0601401053848871,3.4753045057719976
,16.529357409118653,1.0587065366928503,4.053164936868679
,16.428630932539683,1.0592232872980034,3.3022967640692564
,16.051616298007545,1.05863555186651,4.080234040404033
,16.24842744047619,1.0593835755799828,3.5421787518037458
,17.291710742451993,1.0588608483116098,3.755714556245677
,18.04358486041735,1.0584028788184054,3.6115047665631397
,17.743632548007533,1.0587412615916112,3.6395219967218697
,18.258388004356753,1.0586745730487412,3.4916273538647267
,18.719292542735033,1.0604410593983757,3.0400428565102313
,22.309682919719172,1.0659953201733472,0.9428372023809521
,22.14204714590965,1.0666298638252147,1.3108835515873012
,22.47360984432234,1.066563386263026,1.1062450992063475
,21.696693554639804,1.066786053912228,1.086540039682538
,21.422468376068387,1.066498698007097,1.1246602480158716
,20.748293095238104,1.0661502352079233,0.9114010515873009
,21.00555411324787,1.065509857738171,1.242811428571427
,19.300554204545453,1.0651591940371374,2.1498551190476145
,19.196245355339098,1.0649821326268738,1.752230700757572
,18.928134300144297,1.0641807453783088,2.4861334090909035
,18.859548365800865,1.0640551809416703,2.215088261183257
,18.877281581890326,1.062792904905934,2.044390853174599
,20.282868143245636,1.0641587165610218,1.7944484523809487
,19.646626020229768,1.0645105446645486,1.663780634920632
,18.451609884029363,1.0599836348840377,2.3438085878191774
,18.82814130177828,1.060163632036512,2.4068247902001305
,18.43727771772345,1.0598939940774295,2.888958485005325
,18.1098003169298,1.0596047063105987,2.6751473889998802
,17.87249534645909,1.0623784100207572,2.3825512032874485
,18.134281935286925,1.0633004191678403,2.0261164655088733
,17.861839241452984,1.063159126101254,2.1317506485852804
,18.151202574786325,1.0630933025357066,2.3248761431623888
,18.235399043040285,1.0629035878662387,2.1089052701465145
,18.053125610500604,1.062786045834128,1.9818085564734653
,17.913082971611725,1.061004854567311,2.4864290873015817
,18.38709797161173,1.0614594937172108,2.475711765873011
,18.747132976190464,1.0601395138706315,2.42678029448621
,18.118232123015865,1.06050930060952,2.6312912606465284
,18.566050119047617,1.0613933263133486,2.753252694962035
,18.656136408730163,1.0618638624025025,2.5831525163906064
,18.416715188666103,1.0610449716656063,2.758466818680711
,19.601958940781437,1.0610100981818311,2.8509242155776953
,18.736230297619034,1.061626365935181,2.6488094750238655
,19.083571547619037,1.0615946122721776,2.538539442129129
,18.866805119047612,1.0614411481016623,2.3848311606299277
,18.83911813492063,1.0622301012865634,2.149974459241041
,17.760181230158725,1.0615396005291513,2.5195766835098246
,17.599550972222218,1.0613083429876735,2.643176650615087
,17.411970019841267,1.060993189367849,2.7668291506150875
,18.092671894841263,1.06125738117447,2.5821973836067236
,18.840495173160168,1.0608380138886622,2.6438898294631645
,18.633173510101013,1.0600480470586975,2.755463920025026
,19.895474606798427,1.0626519268449253,2.548148573746188
,21.51970198983206,1.0620339100957241,2.355188225927814
,21.676147871866693,1.0626358778222629,2.1847847872831254
,20.245707157287157,1.059749158946809,2.3857949765337367
,19.809860503663003,1.0601784380453592,2.2582509911480755
,20.197045799910878,1.0600386455690733,2.291925988202089
,19.799755463965923,1.0596983679289496,2.765369707978908
,19.51201003968254,1.0601310207914378,2.4798448374693027
,19.10663046456403,1.0600754717086982,2.3859913833993454
,19.257019280719287,1.0607452316500243,2.012917697480747
,18.479011111111117,1.0599117173125094,2.5737603886883744
,18.42281341269842,1.0598733294781215,2.7686663892957495
,18.524832678571425,1.059547674716217,2.8027321233329547
,18.269580246310067,1.0604196420084653,2.7445605368012655
,18.16466457792208,1.0608964405449766,2.6373307833224557
,18.971087911255403,1.0606330500190655,2.6166973706240424
,18.459149397016375,1.0598971832697728,2.320734722333216
,18.41636925812749,1.0605492420933018,2.3635141667776605
,18.164547141879506,1.0597388690634089,3.5830258950274736
,18.60413749627823,1.0605918134806067,3.2057402110258026
,18.787252891414134,1.0598239066741701,2.562323521417693
,18.700140272366514,1.0594113042094304,3.171845119047612
,18.154171879509367,1.0591562793924867,2.6013621031745977
,19.236104419191904,1.060528649408727,2.5969084126984074
,18.60681775793649,1.0604839931696146,2.606872499999993
,18.720991343795074,1.060841487912218,2.5666989823782558
,18.915396091269834,1.0595673780637336,2.2876486586201223
,18.9195933531746,1.0596196088221053,2.5082052563644837
,19.027158198051954,1.0595055652274468,2.4141658166500015
,18.602183075396823,1.0596157131350945,2.3975449927109995
,19.249405579004325,1.0605184368952525,2.137154169532822
,19.063383313492064,1.0598276564257223,2.581748153189878
,18.674348349567094,1.0600606668874826,2.48638246814393
,18.861706176046187,1.0597791393610263,2.3327065063644827
,19.09116671035842,1.060186219959521,2.5875719883459514
,19.28891424327306,1.060022772070909,2.4003066663068795
,18.781546903374398,1.0609448111934185,3.068033877877956
,19.211363928987677,1.061684102775878,2.0907592751015085
,19.39212658910534,1.06061816589729,2.8410563187523006
,18.63511987196219,1.0590368397218222,2.905171669530895
,18.64402123196248,1.0596668439481045,2.5526407276623364
,17.927215211399712,1.0592888755105199,2.7703107290151503
,18.58662925716031,1.0591795933071666,2.6464268353192146
,18.338902338772332,1.0597791182384888,2.6083537127859246
,18.064987844100344,1.0591038751700415,2.0610395028292143
,18.612488837690076,1.059183501793418,2.201356341924177
,17.497852043234538,1.0581760677297063,2.398046717051412
,18.949513875846375,1.0600088122792284,1.7288008720468326
,19.25323658480407,1.059953855668588,1.590090594269056
,18.514459010850256,1.0595615156961815,1.9955877348715056
,18.634413847941275,1.0582109456456648,2.379480401733834
,19.201146317987572,1.0588468622940281,2.0629471107733828
,18.36775044497168,1.0602659878863816,2.610609422165693
,19.448563691724935,1.0607386171898272,2.512254433404456
,19.257710654068152,1.0605935738019283,2.4202464590177315
,19.841872448939938,1.0618091379643955,2.6523828026368483
,20.822382129391077,1.061296430161577,2.413437176910948
,21.07928107239252,1.061759888231285,2.5101772609357185
,21.66608285714286,1.063300423699005,1.9451616207240798
,20.778694931318682,1.0629227866973445,1.905242983157942
,22.58815520146522,1.0639956999091336,1.7836583667558268
,23.429583296703303,1.063757252102359,1.6803299342161457
,22.0146152982163,1.0632969393601854,1.792669041359002
,22.888429368131874,1.0631631744567882,1.7504840810415419
,22.210920995116012,1.062998427374161,1.5918962956649814
,21.582802899877912,1.06319594231536,1.747123543488842
,18.7677173015873,1.064042126177529,1.7553802122414603
,18.87780428571428,1.0635789349348952,1.961567426832423
,19.270106713033687,1.0594647393578647,2.0320900475090125
,18.96503717254329,1.0598782816890713,2.6165456934874265
,18.792667045007434,1.0592544180527075,2.389105379634615
,18.333365699855687,1.059336796233737,2.413124050269535
,19.528505275598718,1.0617775035463777,2.6808084853581
,19.083905706540172,1.0606715116943983,2.798033075522663
,17.99421987634558,1.0606052821335739,3.1478717276885027
,18.855940705310946,1.061580837440205,2.9040674278499226
,18.507594813980052,1.0614841494723755,2.6164408943551694
,18.291126935469677,1.0617430904766423,3.0138645707070655
,17.116817506105004,1.063086823519175,2.6652992768023758
,16.81151045634921,1.0626358048434534,2.7647432297938286
,16.776086673881686,1.06106421897177,3.131561386053765
,17.615647453102454,1.060761377039626,3.0648200279530533
,19.126337610722608,1.062048686252381,2.3186994708994657
,19.790885269452772,1.0620355721683976,2.359488022486768
,19.52713339285714,1.061581844317961,2.6715600661375607
,19.34874291971917,1.0617293650896735,2.711393171152514
,19.31202752289379,1.0620175582598166,3.046849271024864
,19.993766927655688,1.062717569245208,2.8572854090354043
,18.976377721306466,1.0624370901905096,2.71727345717205
,18.652948534798533,1.0617312627826236,3.162374605668289
,18.508573527167275,1.0623887481340208,3.0805212582417516
,17.845339281135526,1.0620283922218117,3.580660242186052
,18.140382257326007,1.0619796289017984,3.2667006471306395
,18.460074201770443,1.0622912484851639,2.8147707212413122
,18.996514320818076,1.0621115817741629,2.4944356891900297
,19.67842009920635,1.0622034694005793,2.2361238699809927
,18.91557691378067,1.0621960106693968,2.3992223223619438
,18.930797480158745,1.0615938319178106,2.4528067543529373
,18.057100039682553,1.0603554733187648,3.1592339770804556
,18.295098055555567,1.061028925699717,2.8291587938404916
,18.625034291819308,1.0609197543020121,3.0655092968835063
,17.617001948051954,1.0610419308904602,2.6664528995191286
,16.495722777500276,1.0595163441822883,3.4616813257575685
,16.613987481407477,1.0605404660350335,3.3399359237107835
,18.038773365523376,1.0602422703414962,3.079010075757567
,18.413780238095235,1.0611509516140258,2.584716889360635
,17.773417274899423,1.061228995831992,3.383394073220679
,17.82890977795193,1.0612022503691216,3.5685497279825817
,17.980498782558428,1.0611500735387058,2.874640620839727
,17.99753886025851,1.0611149726871032,3.3110348221614556
,18.415036776925174,1.0613472865520088,2.5365252876862705
,18.700416782661765,1.061742446194281,2.4922497195044517
,19.012235310245302,1.059340504148629,1.9841075026504904
,18.831862842712827,1.0597866598423504,2.3466849337281825
,19.321277694358088,1.0605603302942013,2.2589433570897657
,19.029837828282826,1.0607854490392645,1.8738235109324348
,17.807365097680087,1.0606115861216345,2.671638767123499
,18.44878212454212,1.061852857372949,2.03522213522588
,18.86794684371183,1.059589841673311,2.5385339484126925
,18.507265793650777,1.0602311327674823,2.5244962433256117
,18.811328849206337,1.0599208338317376,2.4155094931457373
,16.688262992979233,1.058323277725563,3.2847476628782823
,16.292852435897423,1.0581880371547303,3.2054127382751068
,15.920702567155049,1.0562939185395444,4.726912414790998
,16.477835441086683,1.0589375850119604,3.703533893986354
,16.987065068142638,1.059596682647417,3.9603839828413694
,17.92627918215771,1.0593284628459587,3.24975255707742
,18.20392323677955,1.0594975160556939,2.7852749268151835
,18.79827392857142,1.060876044234121,3.0268677466097675
,19.110889042435428,1.0611164281366154,3.272938551249572
,19.393304776256343,1.060670964337948,2.927168519503541
,19.952899874283318,1.0614999209701643,2.592467904424175
,18.8991677110081,1.060933548963973,2.728531809470719
,20.125969347041845,1.0618640279993308,1.848821463077982
,18.278605732323236,1.0603728864209117,2.753360715820658
,19.271644002525253,1.0610254811078377,1.9146452965015024
,18.66532259920634,1.0607670227823263,2.4566395632763935
,18.319459339826835,1.0609515578064805,2.416113174387505
,19.900714365393057,1.0609534542458108,1.9973891168478217
,18.617441760497954,1.0599395309588069,2.1243786886880183
,19.235075007251204,1.0603549440179696,2.783506342457857
,18.621777418139533,1.0605709623607849,2.376916607216963
,19.08215162383982,1.060388474391378,2.876420241776846
,19.574343776564543,1.0611756933198369,2.9862621293878235
,19.223693960824722,1.060037503919368,3.1512396492290935
,20.288224377177706,1.0616157036079354,2.864973565558037
,19.519240949814012,1.0614938662927238,2.4604681950726444
,19.738816316877493,1.0623732504994992,2.3929219940789688
,20.68370761695907,1.0626479995698732,2.487562412614363
,20.730367237484753,1.063527324505558,2.0356834348474573
,20.193125852007487,1.0629223865986703,2.0851592010581963
,21.447216721611724,1.0638340569653402,1.8598670261172987
,21.288000141941403,1.063457788927823,1.9561071707665565
,18.947050338335504,1.063256598451632,2.5991235910311428
,19.537650851370856,1.0615140572699882,2.9112515705238713
,20.59466793650795,1.0622836528857251,2.425455249761301
,20.286800178571447,1.0614733035792345,2.3104036227771743
,19.337842574786336,1.0610976154479217,2.3728320574697217
,19.466175496031763,1.061779849066995,2.772356372437644
,19.120313408119674,1.0615519322344311,2.429126938422102
,19.576046428571452,1.0614504443050903,2.5155755040903056
,20.446221621572874,1.061676281984922,2.410890576664791
,20.512419303221296,1.0622213967319218,2.46521557530519
,20.31908916433239,1.0621125745818496,2.34978389601226
,18.423044397714214,1.0613540618099744,2.5881079441067163
,18.37635773046398,1.05979016702865,3.2099819322019534
,18.366913134920633,1.0611946796899014,2.7807372568772792
,18.527714328588086,1.0603350296177516,3.0432612337337552
,17.48839211871462,1.059445471897383,3.135616697746688
,17.47638225579976,1.0598623841362003,2.91604269882894
,18.128972097069603,1.060240544282727,2.6392849729437167
,17.4065725534188,1.0596838348810178,2.5838094967532403
,17.5778229502442,1.060088171230942,2.8423314411976843
,17.00948573794261,1.0607049540103448,3.793642738095231
,16.79259168116605,1.060616312107571,3.8433700454775646
,16.435437960927956,1.059982145538901,3.8453933788108987
,17.363359899267394,1.05985355322172,3.9128749264299465
,16.569217507070217,1.0586299096709042,4.489287213203456
,13.416155303030294,1.054926681536318,5.651080830047135
,13.779876957619667,1.055620315076691,5.448663254289561
,13.586357671905377,1.0559546156131112,5.390519801908608
,15.169841513347757,1.0561839957950572,4.645893137045697
,15.085605382395377,1.0549486579715088,5.312793113897548
,14.190956672077913,1.0552115746381758,4.917347925405483
,14.736290246340957,1.0560672528488535,4.920555107945169
,14.214378398268398,1.0555000430703283,4.724632607945167
,20.372664033189043,1.0618178297968295,2.5772093009305457
,19.62631187049062,1.0597634325433327,3.1839596517602704
,19.93281060520915,1.0611433540831448,2.8347430098280317
,21.23568713695122,1.0626921787307197,2.4598007056507267
,20.92881548534799,1.0630249029862429,2.4293400324675276
,20.52705584249085,1.0618481017486203,2.3389838944106693
,20.355423203601955,1.061333303768822,2.898176896543167
,20.451249294871808,1.0618003239708427,2.134339803501579
,20.538155604395616,1.0623559479564952,1.6022875761738247
,19.9530252869353,1.0621217404023535,2.1548682581488507
,20.17617209249085,1.0616317739798868,2.415838533781027
,20.523383134920646,1.0616466680958945,2.0090746382783844
,20.34302216746844,1.0614798637452743,2.258297812881558
,20.086928734928755,1.0610314040543805,2.6478602060439487
,20.640845322230344,1.0615931970786079,2.244736860500606
,19.63822052064304,1.0608690949380828,2.8888010989010926
,19.998358080166845,1.0610663014135928,2.5011457295482247
,19.981529687309713,1.061887727121578,2.8525853128815557
,20.283774707150982,1.0618682765721275,3.0337508882783792
,19.55012181849552,1.061628347310568,2.806309142246634
,20.486849892623713,1.0612711174570884,2.10224523351648
,19.628296885769466,1.0616153368321295,2.442295306615894
,18.262075805860807,1.0608201076464479,2.8315573759248975
,18.742548019758026,1.0622917151507112,2.205081582274104
,18.450051563714062,1.0619882381671681,2.4691223091860803
,18.220167445748697,1.0618143376173301,2.5000117897055616
,20.591718503734832,1.062072859905461,2.2690580112942573
,19.826300051353883,1.0615600316226332,2.598190702043222
,19.427775527544348,1.060451702058881,2.881443438484023
,19.300939376750694,1.0603284950831087,2.742839253662997
,20.251280404040404,1.061325950351438,2.5432515674278373
,19.28262226190476,1.060496965282524,2.890345317427838
,19.699022023809523,1.0612557968267966,2.6689094368131805
,19.198164723972923,1.059566054526613,3.3622613170652813
,18.47348383111578,1.0597996420848883,3.413479344220588
,20.001855304781003,1.06102030544114,2.3773628693528632
,18.502199185043256,1.0605596810661266,3.58846147044149
,16.92130889982678,1.058336444779494,3.820697448074968
,16.898082112085365,1.0590780703206195,3.3899240552178243
,16.106208998597545,1.0590504025292606,4.10631939574314
,15.632451525221247,1.0583974282374706,4.136191700216444
,16.607352150221246,1.0588464632302557,4.011130221139964
,18.986074588605835,1.062646979899972,2.1803463726226453
,18.790572218475976,1.0619213071005489,2.0991276663289393
,15.473247383632456,1.056632998602856,4.557307622622641
,15.26593590455598,1.0569946881632954,4.21021417024169
,14.912980558235624,1.0560951254202984,4.6625533369083545
,16.01519273110661,1.0570005400232558,4.540079911265373
,16.405016288105156,1.0578662096878484,4.706825684769646
,17.033042294598673,1.0573669942653399,4.749760832745852
,16.039215970644843,1.0557819390059167,5.260400316872835
,16.111868589692467,1.0567483587342044,4.6909211898887095
,16.464859144605402,1.0573550996045011,4.502446712976733
,16.489407119269618,1.0581507553864862,3.856505720913242
,16.095014734432244,1.0568175910101543,4.412127129643402
,16.06271848595849,1.058030017109405,3.8962753469816187
,14.851855949467199,1.0590423326540477,3.911299959174981
,15.529251139193994,1.059365940445465,3.3355636055286277
,15.173585015040368,1.059873737876792,3.793176938861958
,15.554502395992749,1.059668502466777,3.5584701531476735
,17.979443974969332,1.0614972611226474,3.6820708118280727
,17.67784187388328,1.0620000338242321,3.0295437880185507
,17.700224393724547,1.0630083162281025,2.9034827959550586
,18.25047148045319,1.0628555060339109,2.6742147373470004
,19.407243343388636,1.0634181938111749,2.4296653722676362
,19.406003321327372,1.0630719552550594,2.5239610468708107
,19.381789749898797,1.06291868519451,2.44397239607716
,18.444067055926105,1.0621454742833338,2.842912200716965
,14.926920324548641,1.058033615007345,4.538947585332346
,15.686410172200988,1.059223138367971,4.049448653708414
,15.816351275680837,1.0587351163300962,4.051875241010001
,16.15323817433774,1.0586240150794959,3.4441267937293123
,17.826783501221,1.0598817846433923,3.006125936947205
,17.115178565323564,1.0593611632893247,3.1863867197408235
,16.348099949007427,1.0592833894123783,3.930726061438555
,15.413107658797637,1.0593837654011242,3.1814728983516414
,10.171632771702443,1.0524348114548852,5.735670721386092
,9.916276283607205,1.0525513819677057,5.487403534267659
,21.587525590257698,1.0630534844606585,2.7691385838559386
,21.779156626984133,1.0629927726153143,2.5120856944444383
,19.443369046786543,1.0637572113150944,2.850481964285708
,18.65643952297702,1.0629189043157123,2.5669358620689593
,19.16766476315351,1.0637409995633007,2.2204776190476148
,18.706809782994775,1.06249220257082,2.7275514880952323
,18.244785536963025,1.061809577343133,2.873196706349201
,18.707125854423342,1.062282754928362,2.8595068253968186
,19.50109287823287,1.0631796868414773,2.8067152777777715
,18.155832997280484,1.0627369017537585,3.2541349354168805
,17.992578125763117,1.062148430862109,3.2959596825396766
,18.693377261904754,1.0630012800523918,3.00640051587301
,18.708023089133082,1.0625512998936613,3.0045446825396773
,20.100706541514043,1.0639127711514482,2.1700156944444395
,20.598292641402715,1.0641109371266326,2.4520638095238048
,19.254411252513833,1.0632495656032759,2.581464779942274
,20.721273236640823,1.0633406973275545,2.314048253968249
,19.186575790753388,1.0626748246361823,2.646081230158723
,21.324914173109516,1.063491731669023,2.4220627179487106
,20.63164939144191,1.0646267476812732,2.2131791666666585
,21.0743371908647,1.0639447532296464,2.346819107142849
,21.43798380057443,1.0648608247369966,2.26269158730158
,21.203504816017325,1.0646237299196744,2.3718189206349147
,19.95305050532802,1.0654409916003784,2.3982101648351573
,20.30531512071264,1.065077636091508,2.4045278037240463
,21.38242216269842,1.0656130581449448,1.7371972893448113
,21.598481289682535,1.0644487114235615,2.125048313492059
,21.28137781822344,1.0644350133610028,2.125643829365075
,21.206791034259865,1.0631903086457841,2.6723825198412636
,20.51002649962782,1.0624107382578756,1.9207526892179607
,21.268317261904766,1.0640200997310965,2.1406163568051277
,21.255080119047637,1.0635426201454476,2.41940178571428
,21.04337017857145,1.062943731162842,1.9789895436507885
,20.467050337301604,1.0620264729859077,2.536828293082691
,20.810346037157302,1.063011312731897,2.556919503968247
,20.74469831890333,1.0634689030051854,2.628034503968247
,20.330925151098906,1.0633913716910406,2.574641448412692
,20.637062148268413,1.0637732372072382,2.355544503968247
,19.675106996198256,1.063220889713823,2.4037779166666593
,19.304993141580656,1.0632971205377375,2.670917749999993
,9.176504735988159,1.0523079389238212,5.941459808687681
,10.294346996089168,1.0525382791391618,5.863458816624188
,12.939484191062078,1.054625825318472,5.480295472607097
,12.77792234441199,1.0533970073064185,6.019513726542874
,20.300132742951508,1.0642204249792224,2.333084277777771
,20.853849332611833,1.0640034197115222,2.477854107142851
,20.925986554834058,1.0644614992715018,2.022017452380947
,20.431422169913436,1.0639267470792497,1.8690649523809475
,20.466978915945184,1.0629798451122454,1.7840524233449444
,20.826502370129873,1.0637733448102227,1.9375143253968201
,21.168999317226884,1.0635195487334925,2.0168700198412655
,20.91211072595705,1.06326176971542,1.5841457262242375
,21.35863030929038,1.0641570768165203,1.5943410039682513
,20.64032480410112,1.062658001234311,2.030186838532703
,20.216058543417365,1.0619819791100702,1.618074330933922
,20.29066846405229,1.0622693023423937,1.8611572198228115
,20.30887482408115,1.0622517777836191,1.7448394499815394
,20.07708118230626,1.0624441676639498,1.4457652755274868
,19.696355943223455,1.0627242862719068,1.401093021221508
,20.278193551587307,1.0619553725701545,2.193830437084713
,14.082507828772401,1.053792986882398,6.019912512617908
,14.202495525520103,1.0534045183318996,6.0936319841186295
,13.370360368316192,1.0558111555478837,4.720287786209054
,12.758652310355632,1.055481877048605,5.321140561788735
,13.800315870961688,1.057016289120451,4.656662757904025
,14.41821286322324,1.0566156382424767,4.796961454645879
,15.736370264016887,1.05869803099459,3.8667287675194104
,14.886330428852059,1.0563197133838387,4.228774955706223
,15.306761965648597,1.0565032834249086,4.206962448074965
,16.429012989787985,1.0578374562243313,3.7987304169167606
,13.505524919987414,1.0561515002322552,4.969362884662533
,14.24833872951122,1.0556632114924551,4.986277706396354
,14.101130615958109,1.0550723173076921,5.033935285761434
,12.888511865958115,1.0551342969070396,5.624085949573465
,12.265618843382867,1.0541139186507926,5.856900778633296
,12.106840621604645,1.0534204302386199,6.045625196021462
,12.282688081922101,1.0539892960753003,5.674265402065418
,12.964724619454614,1.0554821510178405,4.934569405399852
,17.31926658642685,1.0593262751787673,3.332561118945581
,16.467732355657617,1.0585969894644818,3.690049779241379
,18.07142706802858,1.0614741518566866,2.7884154700193444
,17.9382958958674,1.0613622756138095,2.586578089066965
,18.293264485235554,1.0617472221725945,3.1595651621989065
,18.591731345556614,1.0621783230972546,2.957476160889932
,18.405913964604235,1.0627189781904576,2.7318557668538914
,17.862188479256247,1.0629321893027148,2.774673798576895
,19.233278445678717,1.064123940504182,2.5205614416334425
,20.21071506148091,1.0632991992143004,1.944377939149337
,19.95765362416823,1.0632379555290636,1.9057992411643156
,19.604382772797386,1.0629284712147504,2.2848374467250947
,20.779314572372083,1.064506711296298,2.746748819446677
,21.742038306707915,1.063485655357572,2.315931651082829
,19.76139466269841,1.0618513972131363,2.0480632545450326
,19.87586049603174,1.0622009247889737,1.6768395243863043
,20.3064184920635,1.0621768705165073,2.05846214343392
,19.595732242063495,1.0622616036825931,2.0212190283545555
,17.822835542929298,1.0632669565071713,2.9243714411976858
,18.143535474386727,1.0649348972238615,1.7046987301587273
,18.334763611111114,1.0647502617613798,0.9779385912698392
,18.250204047619047,1.064909081480308,1.7677876149425251
,16.33347900793651,1.0641471761642272,1.777105414793535
,16.57937522817461,1.0630907379466479,1.4131561561355295
,18.195992336760465,1.0637377309863327,1.1478660592185583
,16.77924526970836,1.0616498286435783,1.733428479853479
,17.117281523676628,1.0613198042076788,1.570816066849816
,15.951831220785065,1.0616730125677778,1.5093195238095232
,16.89889984487734,1.0612927600869757,1.146313253968254
,17.69621710678211,1.061019645007611,1.3854380534105537
,17.933377860750365,1.0620090738488557,1.2434950793650803
,17.468204269480523,1.0614844575939566,1.8027989142164105
,17.644939150432897,1.061390380686564,1.5500143086080573
,20.085883757215,1.0642938401344466,0.8966591829004341
,17.780577295066042,1.0633602982173505,1.8294757085332052
,18.550102368326115,1.0637393431913318,1.0012691994889378
,16.603620996364747,1.062673461189347,2.653450075757569
,17.391899393997587,1.0630067114842041,2.4295793614718546
,16.863683804864493,1.0627748699721355,2.60116626623376
,16.99238609015984,1.062536784296162,2.918056626984119
,18.117512418831172,1.0623001904935456,2.411175238095232
,17.240706854256857,1.0611399588813382,2.879422202380947
,18.198374173881678,1.0613876721640505,2.718684761904756
,17.559831179653692,1.0614823549530388,2.6171220634920576
,19.290533311965824,1.063466552823182,1.6520458098845574
,18.255041742424257,1.0640382090835885,1.6272357738095218
,18.3977082864358,1.0626870101392583,1.9372632967032928
,18.960335854978368,1.0640955567729355,1.0597566233766236
,17.851487380952396,1.0630075464015392,1.4173141233766215
,18.415620598086143,1.062848784809605,1.7891863852813825
,18.296857502848052,1.062231353352174,2.2522974567099507
,20.011354534632055,1.0642400582583782,1.1393056313131311
,18.840237840492843,1.0633925551817458,1.0834160698560693
,18.49719426906428,1.0634995657062454,1.0533100381100382
,18.6343794476357,1.0634129982459275,1.1286227894327896
,18.915734804778563,1.0642521285369329,0.9696276571576571
,19.565002383522927,1.0641436245394102,1.2485277497502494
,18.743094641820168,1.064249856662877,1.2484521016021013
,21.906101403240474,1.0629126591271965,1.7128788097628649
,20.54845135273544,1.0624523859591983,1.4827369867453797
,19.926117382617395,1.0621316675557606,1.9540384355597078
,21.55912733072483,1.0629253581871334,1.7440733628083853
,19.25516956141082,1.064665968636754,0.8934226571576573
,18.854062075424583,1.0632847586416172,1.5555751749639228
,18.519214279470543,1.0629304520631195,1.6365699963924942
,19.14821005217006,1.0632162420601594,1.5052582106782086
,19.304608282550795,1.062996890586751,1.3495467821067815
,18.578852829867273,1.062060377584955,1.7104648412698378
,20.004059489538246,1.0631518954897745,1.2529655555555557
,19.002055416724858,1.0626294160021184,1.2464335551948056
,19.11991688858632,1.0623727294941814,1.3162092694805194
,18.22588859493553,1.0614231573848307,1.9128705790043248
,19.44671529046223,1.0615587976919927,1.6985321617271567
,19.028949734906675,1.062032893954153,1.935103594877341
,18.976790846017785,1.0617732619777065,1.7062306186868657
,20.14873639971141,1.063028156904232,1.5277467496392483
,19.873695018086504,1.0621948567718014,1.5739937734487706
,19.08744916130438,1.0632643677660845,1.2552875549450555
,22.24204885850262,1.0634212212979852,1.4679361965439697
,21.255898344155856,1.0626366287092017,2.1207514881662206
,20.140232063492075,1.0616179494928868,2.4850410405210486
,19.404065357142873,1.0606886583673458,2.6892021013030827
,19.773933075396837,1.0614956929993804,2.4184066357591423
,19.609462684676448,1.060608402334679,2.463448604623611
,20.17650039127541,1.062168503542187,2.5746208955643772
,19.789658917748937,1.0612825000811872,2.7854892399514712
,19.2663880844156,1.0611872690827948,2.8683666281188596
,20.4131162391775,1.0618458927573515,2.4528244654204476
,19.148535028860035,1.060804383237504,2.449972233485715
,19.10699691558441,1.0619714879500435,2.390032085402093
,19.151267380717112,1.0615646753100694,2.590123950481456
,19.713677878413858,1.060895661589871,2.9781358882783815
,18.876315367730093,1.0603431002506256,2.4533005258445217
,19.413213798277752,1.0625600626422596,2.3461332407407345
,18.939346128863825,1.0606677190289069,2.2803001564916516
,19.456283689913878,1.0626297040395092,2.2931423817291505
,19.902189858058602,1.0619938486374705,2.2419004708994668
,19.398644858058603,1.0629410616056618,1.9678091812169265
,19.358839284881793,1.0614882689310046,2.193436562169305
,18.84984033119659,1.0620637817532228,2.044381423280417
,20.93011232142858,1.063200550814699,2.044252949254443
,20.85800896825398,1.0617076427624623,2.1645248044131744
,20.840544812409817,1.0631569315292504,1.9961700425084126
,21.05803523809524,1.0628449224343088,2.047979330928326
,21.798570748557005,1.0649131267128502,1.9417897997835445
,21.201518943001453,1.063685337173958,2.292200573593067
,22.794384339826856,1.0650407836025289,2.23776753787878
,20.023302685848638,1.0642979487935498,2.2101021410533845
,17.743212891414146,1.0631019126643653,2.7557303373015802
,17.59402453102454,1.0628579088881238,3.309008253968247
,19.551058895410147,1.0630029720770102,1.2913930311355313
,18.683520739400613,1.063049721045846,1.284387182539683
,19.379768225108222,1.063554190080022,1.0159562301587308
,19.18776024891774,1.0631904189779362,1.0268295634920646
,16.95513443960511,1.0585546457488513,3.253324764957258
,17.14274378484321,1.0588336474252793,2.970992542735037
,17.066330215121145,1.0604487204814148,1.6698478174603135
,17.368922754803677,1.0603542165131608,1.4456290873015842
,17.736635096073524,1.0617338623807027,1.2692976078329863
,18.19200876670844,1.0618466339796706,1.6198674007936464
,17.11879672438673,1.0619038690972125,2.2816338614163563
,18.692355698942876,1.062635601830968,1.9033690277777735
,17.595355581282757,1.0613344791540353,2.5009390440115395
,18.337160552422727,1.061457873057517,2.183428627344873
,18.512076567460323,1.0631555759630436,1.639043048340546
,18.638489885253634,1.0627515878678055,1.5879809848484825
,18.57302855158731,1.0641530488753965,1.859294159451656
,17.224174356060608,1.0623481371288432,2.3641724567099516
,18.380920337301596,1.0638137131417233,1.5351704344266823
,18.53652327200578,1.062777564719271,1.4211887042124518
,19.48998535714286,1.0634879980345258,1.840805837912083
,18.466014020562767,1.063037590974798,2.3328017872405313
,17.948389030594655,1.0613913864380116,2.113973507236223
,17.905992006785123,1.0607623053853354,2.593744853390069
,19.001589086452782,1.06282973685698,1.6544665988668172
,18.860476238467424,1.0629671397045133,1.7427923091287778
,18.908321775707957,1.0626050838921697,1.425667019140989
,17.65368902222777,1.0625026516717928,1.5494460082972565
,17.458811363497606,1.0633550129789635,1.4169963293650787
,17.276326250138737,1.0631825305596698,1.264321805555557
,16.350780422853283,1.061432571637014,2.1028818055555507
,16.492983412837162,1.062288891128211,1.8873101222388686
,17.132320458291712,1.063038249452635,1.9734627182539637
,16.89818434537683,1.0628022017729593,2.01001081349206
,18.569806811105558,1.0621106366805235,1.5999227380952354
,19.59484836330337,1.062836638219649,1.8515283928571367
,19.849853661616173,1.062834235834115,1.5774047420634876
,19.023415094072607,1.062089681388818,1.6214132341269802
,19.884594974053726,1.062114360294879,1.3737877777777763
,19.478154543650806,1.0619599934117618,1.4637538492063467
,19.747056210317467,1.062190859881752,1.397474578754576
,20.83979818722945,1.0637502072620986,1.26702567002442
,20.82485907467534,1.0626281216152569,1.4620198322510805
,18.930407765151525,1.0626629939651293,1.505750636955635
,19.246725050505052,1.0631479003974826,1.066440674603175
,19.707408549783548,1.0629618961239786,1.091724217171718
,19.165763014069256,1.0624392532113356,1.1337763095238111
,18.883262200438452,1.0616056724891338,1.3689786706349207
,18.782173023504278,1.0623764452602118,1.3778880621693106
,20.43690376984127,1.0638683109960478,1.2369169312169321
,19.406592023809527,1.064324119319637,1.4138703194953177
,20.78119863095237,1.0650527059484338,1.0175726409238912
,19.699379702380963,1.064001332793981,1.406216093304841
,18.17559101190475,1.0618448537879772,1.7702300768213228
,16.7817916408862,1.0607966519897754,2.43704053691678
,18.049289847334045,1.0627189396831762,2.07470751443001
,18.865071159812416,1.0624850522088518,1.7199047915972876
,17.20307802637722,1.0622875491073782,2.097766686507931
,19.413039862596563,1.0636824948687549,2.0235005501442935
,19.417774068945768,1.0634909888176163,1.9927772168109608
,19.834900622294384,1.0642786465928475,1.6088157882395349
,19.73203650432902,1.0638893078270382,1.5067361580086547
,19.098730571789332,1.0632172144203442,1.1621194769119778
,18.15668968795093,1.0638379775634836,1.6342863816738804
,18.799303964507715,1.0612011009813132,1.6119174801587277
,18.64740055361304,1.0613405719270341,1.5266608531746007
,19.513974747801225,1.0621404740115066,1.2506632440476189
,19.577228562736295,1.0621257691451167,1.4051553869047597
,19.538296354944087,1.0622125584669055,1.4879915178571403
,20.323892267642496,1.0626091586028805,1.3552341071428564
,20.26829092490844,1.0637850040018504,0.9006005654761902
,20.086134221611733,1.0624644691168077,1.1908945833333335
,20.01925457875459,1.062698872169895,1.4114687797619039
,20.828001287927762,1.0630923548421936,1.3480622023809516
,18.850928743895015,1.0610519742505633,1.8639118524530982
,20.088839775641038,1.06269382011605,1.6152099431124392
,19.33658636294263,1.061907828354189,1.8418763716838669
,18.77787008658009,1.0625278037993817,1.6032691206016185
,19.246916834415597,1.06211553557236,1.572650384199131
,19.483137410496596,1.0640594323917232,1.2418859397546904
,18.22262650515194,1.0622471174362909,1.5970826262626234
,18.934548519803947,1.0626200086744566,1.487092685786433
,18.954080086580078,1.0640012434272583,1.565648928571426
,19.89854128968254,1.0651189550620384,1.3756559581413195
,20.56013467643468,1.064671482805771,1.3900221794871774
,19.893787568265065,1.0650992762153326,1.2898140476190474
,19.892560265151502,1.0635178160025003,1.9188032900432872
,20.216977420634915,1.0637658386969506,1.2526610389610384
,20.003246170634913,1.0632207143752117,1.1370633008658007
,19.149874986183406,1.0634459430364063,1.5561244119769078
,17.315599518970178,1.0601886846473116,3.2475670110445027
,18.049369141986038,1.0598981216574181,3.285806018981012
,16.948285352303515,1.0594907803875773,3.7307554634254565
,17.63319618563686,1.060114832046012,3.2991015741784806
,17.632740253097175,1.0590099591808775,3.1954005189255126
,16.282005094367015,1.0585921276143573,3.2929129395604324
,19.554836682900426,1.0645387821317225,1.2014231277056278
,18.843607332251082,1.0639713031268097,1.16817665945166
,18.54214646825397,1.062747103716175,1.6458733261183216
,18.90212206349207,1.0624535196613412,1.5961497150072115
,17.27678021359489,1.06322857945869,2.3509126673567935
,17.60268629570722,1.0612590255403866,2.2525325793650737
,17.709858307876342,1.0618240443636258,1.5374355158730133
,17.222505708669996,1.0616551257128322,1.5757354563492028
,18.4785062950938,1.0636250303034769,1.5299288023087996
,19.939503509823513,1.064027115188968,1.2840145202020208
,20.185876369047634,1.0641399955855058,1.5466258766233736
,20.068468581932787,1.063651864621488,2.153680432900428
,19.52557036616163,1.0640728213899442,2.100639004329001
,19.66831084383755,1.0639129692975926,2.172911504328999
,20.308186887498483,1.0647048267379993,1.295415472582973
,19.24934125563034,1.063232631311089,1.5789481313131293
,20.008227073839926,1.0651968720339415,0.8937463257575758
,19.369521838023097,1.0638258908878953,1.3004425727050721
,19.51304443001444,1.0639368907483362,1.2034286471861475
,18.63336469454567,1.0625494556812576,1.371733448773447
,17.09816510954732,1.061353382430773,1.588950510461758
,17.53587949432922,1.0615550554908046,1.703721633782881
,16.846030086434467,1.0598307164502163,1.894391246392492
,17.70592135086449,1.0603525639083138,1.599922853535351
,17.03807429458743,1.0602275378787878,2.2589296374458825
,17.644568118541248,1.0609734815184815,2.034706899350643
,17.439179300195626,1.0611270343545336,1.9184405104617566
,18.12424205647423,1.0627374371528762,1.6861508895502597
,17.75892281112666,1.0624802353962992,1.9848713161375608
,17.62862256097477,1.0634310027991856,1.8308953240740686
,20.019690462235136,1.0639986146359866,1.864526062271057
,19.71314324542417,1.0643714020130834,1.7307439789377252
,19.187551712235145,1.063561574537675,2.0464090781440736
,20.315697545568465,1.0644103805104137,1.7051918956043923
,17.768121014607598,1.0623771693489703,3.2802405463980397
,17.72316196267913,1.0619214560676469,3.087852604173128
,18.687887141250556,1.0625898032178247,2.969685566239309
,17.26520710156801,1.0622754443016356,2.3714258735246183
,17.91504635495352,1.061956649974484,3.425180813492057
,17.558142475222144,1.062909145060059,3.014239107142851
,17.529411385756053,1.061556139537317,3.538448780697807
,17.099636555169983,1.062304939186295,2.6079145550827274
,18.375694650408075,1.061690931918824,2.20608464052287
,18.4810173779583,1.062541386096497,1.8499328535353499
,19.37344512737263,1.064318320083574,1.7715901785714245
,19.224144226190475,1.0643558497322878,1.8752011706349174
,20.65327021825397,1.06545226695069,1.5573267857142832
,19.175946833721845,1.0638199766214809,2.0408160317460275
,19.596684158283246,1.0628705501510525,1.9859884179314888
,18.558740799697386,1.0613979066068575,2.438167894121965
,17.447424831360152,1.0600296070823794,2.118214003374071
,18.183405150346708,1.0605336291139869,2.4896855064862096
,18.53595597535505,1.062519747358769,1.9058224231387018
,16.998324048948124,1.0605948156471587,2.746756804868083
,17.89307198609139,1.0610862169965884,2.8038269513597878
,16.89528342907093,1.0623090214436035,2.9009125632634634
,16.255479359828765,1.0598955668572538,3.3118204958698345
,18.001114642440875,1.0632873560713847,2.1887702062569163
,17.940282905982897,1.0627774148759306,2.9261121745335497
,18.829072272866025,1.0638627401621372,2.6447776441102686
,18.927052749750242,1.0640495841639013,2.4105087764550213
,19.986255793124993,1.064846879161645,1.727495074041807
,19.78245392787768,1.0648267498394557,2.8112774786861228
,21.240208669941158,1.0654903968872074,1.8200200712787167
,21.267162244283494,1.064809226347221,2.359784602060083
,19.859984324703074,1.065396783474758,2.113138869980015
,20.967609029997778,1.0657304876812028,1.845103861319346
,20.82402215219421,1.0661212468654584,1.7892717522874102
,21.405324773837254,1.066127219547747,1.8136900120250063
,20.3598753376199,1.0656321291364397,1.8522225823713268
,20.444115773809507,1.065388029187714,1.909301976659835
,20.670551160130714,1.0658555711028743,1.6162143803418778
,21.115295444832928,1.0657577898001447,1.786396640211635
,19.509173058469298,1.0653023605170953,1.9691344597069556
,19.17144920634921,1.0650992999370072,1.5107771779609245
,19.438367593795093,1.0643720737589772,1.868971035980145
,18.748643834082575,1.0641252425930676,2.265975814673673
,18.356440821817063,1.0638900026940774,2.3341511660561607
,19.437036111111105,1.0633583872461039,1.9061390863303325
,19.666630992063478,1.0635219684807637,2.1097056181318634
,20.020537380952366,1.0638703455459502,1.7787691865079325
,19.844347380952364,1.0634958528401506,1.8455586706349159
,20.61094222041847,1.0644627953259846,1.7683483134920583
,20.72727312340438,1.065346724169566,1.9649780753968187
,19.5404316551504,1.0632181382214823,2.153594192268299
,21.685507892524146,1.0658532148008768,1.847494017857139
,20.511800522786388,1.0642460496021577,1.9362257795698887
,20.091771670278792,1.0651320088884675,1.8774078075396778
,19.765797374847377,1.064151728714417,1.7993068849206304
,20.132639449855702,1.0656486603128068,1.8246803571428547
,19.104286442307696,1.0634231023473815,1.9841493849206295
,18.962431779609286,1.0624382443414029,2.4754057661782607
,20.42626335678672,1.0639928877629221,1.8032660218253924
,19.118569317492685,1.0633024426279918,2.7823520634920573
,18.875147145775507,1.0619321153762495,2.4507900145891623
,19.424813301980404,1.0629285937589779,2.42749125992063
,19.379516893250262,1.0623620326811665,2.413384323197221
,17.40447011475097,1.0618719267615475,2.7819418841779067
,19.3040076475322,1.0621175921952521,2.045195573593068
,20.016049603174608,1.064207783106916,1.8264103221288468
,20.571715575396816,1.0645237519305564,1.5800531649831635
,19.563532865467856,1.0629598595510035,2.1908888911986653
,20.72452412698412,1.0645166412063778,2.1545289010988955
,20.595625305944058,1.0644755088151845,2.126580820290816
,20.073934016261507,1.0643052111961373,2.1026929234654186
,21.227171402625167,1.064188376152806,1.841167710622706
,20.955156218642465,1.064405768865326,1.8015779817867281
,20.42335505952381,1.0647781038414832,1.8167717857142804
,20.225682162004663,1.0633663269955398,2.2434892063492016
,19.928595405150404,1.0632205303448727,2.23741930555555
,20.247132865467872,1.0633843755083294,2.156926301587297
,20.156512171023415,1.062938682035136,2.245022472527468
,19.730942426046173,1.0628775931678636,2.1096977380952326
,18.831802825785317,1.0623113222729557,2.334058094220589
,20.740037138555895,1.064315844250776,1.797948258241755
,21.351015851370857,1.0641245942729214,1.5305373730158696
,20.026862387473635,1.0626378067327393,1.9789906944444409
,20.37025881604507,1.0642810282556054,1.7312193019480475
,21.064522002164495,1.0644233227937618,1.520848869047616
,21.52340878787878,1.0649372894763867,1.5855861471861437
,21.282523252164495,1.0649117036651483,1.6892854960317438
,21.552177247474734,1.0659879881782692,1.6125826785714255
,21.019473922466414,1.064980855898072,2.0434910958485917
,20.932949023476514,1.065009079342883,1.8949112896825357
,21.05178080919081,1.0647819066840065,2.06666045863858
,20.725023033910528,1.0646564355071135,1.7695311717267521
,20.936737555222557,1.0646854156941534,1.9766888038766766
,20.601414233405492,1.0649145772124597,1.7768129323476674
,20.92954010642136,1.0648187672440024,1.8091022897957751
,20.58750443292818,1.0646010986419483,1.93183909252297
,18.995413176406924,1.0625097375696924,2.4115498928571366
,19.814588988095228,1.0630086276123982,2.29486836507936
,19.73986849497724,1.0626001043812436,2.65987825461088
,19.430453871961358,1.0619039608026002,2.4373279340980596
,19.604791370851373,1.0623708763870154,2.1183916025640968
,18.85769827672327,1.0627200493412543,2.4340274519753593
,18.087318500388502,1.0620279011677902,2.1050763164442245
,18.677473857531353,1.062989316289885,2.3722830862675384
,18.212993395770887,1.0613730676582482,2.2523850619478494
,19.683999983291574,1.063697482466821,1.6466887204524991
,21.09355386904761,1.0654685327100004,1.6042193253968213
,20.02635645673771,1.0650715857898179,2.3844794172932278
,20.449186298007554,1.0646447979359797,2.080017638888884
,19.944231020229783,1.064597210334405,2.207534027777772
,18.56826950498775,1.0631934912113041,1.8972474007936466
,17.89677736324062,1.0620855752737755,1.9995674570590634
,18.0174750021295,1.0623073665953762,2.2733065189182566
,18.215420199432202,1.0623209456552052,1.7015762608225078
,17.806497113629113,1.0604812069314085,2.740088994200237
,17.897879855331848,1.0611720109675151,2.4493858881396315
,17.34082592676042,1.0602514689717175,2.3564766132478576
,19.39595531857032,1.0630861528911688,1.3616008333333327
,19.451174901903645,1.0629673548422822,1.845881662869292
,19.98877739357864,1.0633299395212057,1.2947869246031751
,19.931492124125867,1.062755032994603,1.4547202543598081
,19.654614584443323,1.0621576658448446,1.8283068708397294
,20.293140479104224,1.0629553645350436,1.7009728033794136
,19.903924123376616,1.062928712113348,1.2768962500000007
,19.412828535353533,1.0646379028766684,1.054905535714286
,19.910468798007543,1.0640021793741832,1.5468417857142822
,19.312889274198024,1.0638236416618954,1.6024496230158705
,19.49610293414918,1.0645633502077065,1.6558912780112012
,19.476631377372616,1.063921291533022,1.530987996031744
,20.105001615467863,1.064448100313552,1.3583590954715212
,19.472799436535684,1.0643708153425455,1.541925734126981
,20.9476715992341,1.0650309072362782,1.3610794246031737
,21.31373303141304,1.0653239990320391,1.1604900595238088
,21.773930286796546,1.0654444801587066,1.033756460622711
,21.859437142163394,1.0655263037517801,1.1565483134920638
,21.374461159812427,1.065631185119347,1.1859665145502638
,21.740693104256874,1.0658610660717278,1.3134199669312157
,21.155748788988802,1.0656245476636657,1.2405754232804223
,21.58314730089357,1.0648878668951365,1.532788458994707
,21.82414516885893,1.065663772800081,1.378126236772485
,21.69894542499167,1.0654776603392617,1.1485385438968867
,21.36286727203352,1.065232994703651,1.2068234711455634
,20.983146696636695,1.0653615329136294,1.1486901973360395
,21.424420081168833,1.0657370390084118,1.004266983050326
,22.13623468253969,1.065529239846789,1.1401207925741348
,21.465529281413026,1.0652260609423603,1.2054788084471508
,22.120627322538585,1.0648060788698352,1.0494216655900082
,20.897998381340866,1.0648539235127965,0.9745527965423895
,21.729711112637364,1.0655552298698379,0.9682456679894175
,20.642563759851264,1.0632639691280827,1.2208662224683153
,19.58009306388056,1.0649472775619566,1.5901502976190443
,19.686958345404594,1.0640142418098744,1.6571115674603143
,19.617971071428588,1.0647619863178301,2.1042770436507894
,20.288502644993898,1.0648245096611575,2.0339670995670955
,20.994332569375068,1.0637785509638713,1.369396658976251
,21.18767184676434,1.064709650148573,1.0141156007751935
,21.193921410256397,1.0646187237138967,1.0142302436323367
,21.116360656288133,1.0642405624307358,1.0640200452196382
,21.033466321872552,1.0638899323542907,1.0642487489233423
,20.546159684065916,1.064792304207477,1.0643982595053523
,21.502037867965342,1.0653692484194537,1.0485635606060604
,22.43452818181817,1.0649238888229104,0.848314334415585
,21.91162589285713,1.0650947372486133,0.7983185407647911
,21.74346530844155,1.0655630290007208,0.7637205357142861
,21.89016973484847,1.065787798745939,0.7635469047619052
,21.828632388583625,1.0648526655269606,0.8137073305860806
,21.731627352092342,1.0651309199423755,0.763533981481482
,22.28622384920634,1.0654630836244596,0.8136679166666667
,21.992627242063485,1.065399469158866,0.7632884400068282
,21.98280432109555,1.06477736788595,0.7636945833333338
,20.817593353174615,1.0655963783491005,1.9635764880952342
,21.29805960317461,1.0658299562631663,2.025844206349202
,19.76890593253969,1.0639395232354523,1.9787204177276931
,20.457293526334773,1.0652550708302586,2.282423597883593
,20.266568843795095,1.0638782603939632,2.58972696428571
,20.557672824126353,1.065728801894236,1.9200195692524273
,19.706040774370553,1.063051653312093,1.88921655032691
,20.626257375957376,1.0641866841639747,1.78418198412698
,20.82667749111999,1.0653234567788123,1.9485077503052457
,20.441568959373956,1.0651492877778785,1.8040822222222193
,19.50381134524575,1.0635400065070875,1.9560053968253928
,19.666052781581158,1.0635707193267971,1.6105240079365044
,19.442176483100226,1.0630021113924593,1.4943518300653569
,19.586837493819395,1.0632783698528305,1.6271196031745994
,19.32311205523021,1.0628911829611953,1.8617160344538923
,19.204186048034103,1.0636705330892886,1.8770967226137711
,20.00329982822732,1.0641927899734862,1.438674752567691
,19.259095591684886,1.0632851357546926,1.7075004819508406
,19.22585909410035,1.0634291414215085,1.5582589880952349
,20.576760931614572,1.0644053826653488,1.3047566071428562
,19.91560381895066,1.064044837645027,1.4994259722222183
,18.277305897067905,1.062548865109109,1.571205162277587
,18.078980192816317,1.0611930463961612,2.2755051567365325
,19.31381926486556,1.062335881806937,1.8448710732323186
,19.374944612295916,1.0635562105030083,2.4813825515872963
,18.07790369418624,1.0623192520222486,2.043133298340544
,18.722880622396918,1.0624881988988684,2.318346091269836
,19.517987376337427,1.0646144324488511,1.891440289682536
,19.952887356496163,1.0645393489786816,2.112416638888884
,19.106908090623143,1.0635570436712245,2.4448350082972534
,19.22462840839715,1.063772303426167,2.0526610062413644
,17.9931397989993,1.062773307317133,2.3635759126984057
,21.851428049450544,1.0664977376074052,0.7631709090909098
,22.00880874999999,1.065399129501527,1.0829984965034962
,22.021284418498162,1.0663909146131483,1.0493466522366526
,21.94099959706957,1.0659543151930284,1.0496434415584412
,19.344476397907638,1.0646781838328143,1.258743774509803
,19.10949647879898,1.0647929603196113,1.831352194976073
,19.310645743145738,1.064093879631781,1.7744837508711588
,18.201114117687858,1.0632072107517923,3.399275062941437
,18.638072649433884,1.0644000772371585,2.973243309694686
,18.98540615828616,1.0641301227229172,2.619759778922053
,18.82222373917749,1.0610232929166317,2.460902898033334
,17.237545301677486,1.060907934419098,2.3785062316849768
,17.108396893939386,1.0608802071463703,3.1894529950115174
,17.364942398459384,1.0605226561903822,2.3318888737161485
,16.883204054621846,1.060417709407605,2.7664359391534328
,17.49460097615362,1.0605614602545874,2.592769960317455
,17.230906029411752,1.0603260881750642,2.6267648809523765
,18.52780669499618,1.0605947174754287,2.7279743264578498
,19.908760663919413,1.063951595138731,0.9552470334295332
,20.182047588661337,1.0632809013064202,0.9657224329183894
,20.779273714063706,1.0637502015568225,1.0654286879297183
,20.29394639985015,1.0629775152186511,1.0810749541634843
,19.519006170634924,1.0630800291638562,0.9157399663299666
,21.026164861111102,1.063702067085085,1.2087038945123507
,20.78911837301587,1.0635878206077065,1.0486801088263595
,20.333305853174593,1.062852389149099,1.4915989206136997
,21.314782089438335,1.0637164043133986,1.3531715514387563
,21.137216522249677,1.0638475065152901,1.2552998097572359
,20.851102223149656,1.063264471339162,1.5582329475426508
,21.44867204545455,1.0649033490381103,1.1899307683982683
,21.84781916847042,1.0649879610649722,1.0193120995670997
,21.286935954184706,1.063817138626542,1.0400115703251
,21.465903890692648,1.064304000176827,1.126871628045158
,22.14529781565656,1.0646972912056414,1.1285441269841276
,22.443805178293932,1.0641224672067395,0.8145588293650796
,22.893341080169833,1.0651935587265675,0.7639036279305009
,23.05628941169941,1.06541349878393,0.763703389835263
,22.408026372932618,1.0650118563371707,0.9020762072955796
,22.629598877511384,1.0650124599002742,1.0997686279305006
,22.775471357670103,1.0657326544285657,0.7637521748492685
,22.240158843125823,1.0649003859529798,0.764315874482968
,22.852129851190483,1.0649814725170612,0.7643892176314975
,23.337278720238096,1.0654461444200942,1.0490956353804142
,23.958443769841256,1.0666647718777542,1.1444310275372769
,22.21361363095238,1.0669170420529597,1.049693993506494
,22.451523492063497,1.0671056802203476,1.0995044696969698
,21.618131213647462,1.064807869994136,0.8481787259343487
,22.470041051587287,1.0661932911951957,1.0339681240981236
,24.209344880952376,1.066919768825251,1.0488156108706104
,22.938418452380958,1.0660020317665124,0.763759847699729
,22.806878115079357,1.0654553134440854,0.7638084786521095
,23.281334067460303,1.0659702770069237,0.7634587802292624
,23.238818888888876,1.0647345206683756,0.9299332246958262
,23.071885823412682,1.0655837952970497,0.7638599469060781
,22.175214059343425,1.0650609045943433,0.7636375659536969
,22.65588690247252,1.064812825393269,0.7635448562587079
,23.203683496156604,1.065144341233006,0.7636373364174384
,22.81115695436506,1.0656911490067895,0.76358134553556
,22.800574295634902,1.0650588846970255,0.7634267742481258
,22.605921478174587,1.0652494240212491,0.7634087555764996
,22.73611322420634,1.0648954876093635,1.0329534521970825
,22.513259484126976,1.0645330352006614,1.0495164984155698
,22.854580873015856,1.064266140347149,0.8800407408102034
,22.469284226190467,1.064891190150287,0.8301827299011479
,22.53147032980907,1.0665196071478298,0.7976638780663785
,23.152568592796097,1.0671291373924134,0.7637049603174612
,22.185651549707586,1.0648002057101769,1.0639890333148747
,20.957388602793404,1.0647789536486538,1.2110129908850833
,21.78651669380619,1.065864549843384,0.9839128428386865
,20.851722512356055,1.064254775211961,1.1208910251628976
,22.143716174527217,1.064588048274898,0.9367046262742634
,21.81118349775224,1.0646571857595846,0.9018337418319089
,22.23591992368742,1.0655777207172668,1.0706079002225377
,22.27996663419914,1.0651288599632094,1.0371026352807606
,22.33322281746031,1.0654033935166898,1.0390852997737563
,22.62215105880231,1.0665488606368276,1.0588517097463466
,21.982451051587308,1.065183240292721,1.3467440299324849
,22.156277757936504,1.0663007250212848,1.196527526919369
,18.93392741674991,1.0633775149506355,1.9159967182751263
,22.03870596916972,1.065333850725467,1.2427668509984628
,21.574986921550668,1.0660156203688669,1.496236176395287
,20.191070969169715,1.063496731630301,1.4789411422498464
,18.17398047313797,1.0588818569913936,3.658333253108805
,19.019304130314136,1.058953459800523,3.054126844378646
,19.514742719780223,1.0601355438517372,3.1304833278951296
,18.431350457875457,1.0584252722624212,3.197506876322547
,16.097156001220988,1.0573821965443562,3.4999381342590543
,16.42843546897546,1.0578986233120324,3.6789698375557576
,17.682290429292912,1.0606762882715937,3.2452205671039884
,16.355784521815895,1.0582966182337779,3.389024997835491
,19.952282460317463,1.064414010864491,1.1980245447016742
,20.29293517857142,1.0650089274613037,1.2902933211567005
,20.37268212938205,1.0644276544050033,0.977142777661526
,19.692742778194013,1.0625666860658174,1.3898925712025616
,19.90991363002194,1.0620725626485492,1.6168179844181139
,18.902725505050498,1.0633337832265526,1.7557350603949677
,22.353488389567943,1.0644889180049646,0.8560024263645291
,22.23514815476189,1.0650207996339407,0.7646864731301882
,21.894543154761905,1.064848948941583,1.0230206304289824
,22.3486052579365,1.0650602339033748,0.8147615771622745
,19.017761942110177,1.0635658723725794,1.5931845804685492
,18.00827690014234,1.0632599177496247,1.7434428558451318
,19.76825956789126,1.0651815472846096,1.4659036904761888
,20.054493357573804,1.0644661796982668,1.4661660119047604
,19.722312663129358,1.0647444428612554,1.7083896915584373
,19.312495222653176,1.0641424651722775,1.6025619047619026
,18.727263298049987,1.0644388750486677,1.6462062103174562
,20.538396163419907,1.0649813069997096,0.831626523199024
,20.909630178571422,1.06541001076646,0.8731207448107453
,20.435344298340542,1.0649378336103539,0.8062530357142864
,20.30742251984127,1.0649721825841751,0.8138401237161534
,19.60624503968255,1.0649923513514716,0.9017046825396824
,20.143134603174598,1.0660100275798987,0.7632946184371184
,20.42304103174603,1.0641799974382757,0.965052500000001
,20.300659319340788,1.0639920381198,1.2975683134920633
,20.85595717352092,1.0638501964892084,1.130630615079365
,20.291354296536795,1.0657314632254289,1.1130999801587296
,20.152583827561322,1.0638567808821238,1.3511022781385262
,20.30396235209236,1.0639589913821974,1.5407856114718579
,20.146223502886002,1.0632636598248657,1.239820932539682
,19.89934562590188,1.0640617446012006,1.4334204888167357
,20.805758522727277,1.064327925004809,1.4905651352813831
,21.91320523809523,1.0653430785366362,0.9890951190476186
,22.080393406593398,1.0648992675698252,1.1983213888888884
,21.474036765873016,1.0643885655496232,1.0211350915750914
,21.8704845970696,1.0650072307732885,1.1146322186147184
,21.701218942307698,1.0656513196260415,1.0402232702020198
,21.589499398656905,1.0656525370605683,1.358757714646463
,21.818141567460305,1.0659850922831233,1.1019255046342544
,20.98426102564102,1.0657893374129932,0.8634225162337656
,20.786624826007333,1.0650333085889334,1.3575776785714266
,22.04112317918194,1.065607293823628,0.8209876938339441
,21.139353933150183,1.0651571277835281,1.0495962499999998
,20.72792226648352,1.064215145609263,1.3584356349206343
,20.62516006410256,1.0645450436402681,0.9533725000000001
,20.384913714896214,1.0646020586284308,0.8317267063492065
,20.96079713841714,1.0638113298852416,0.7987967533416885
,21.352201254578766,1.0643015196462478,1.4549803012265485
,22.287846197691202,1.0647945046876248,0.8639497384559887
,21.954719424603176,1.0652395743102916,0.8641248017641828
,21.552440109126973,1.0647515357071686,0.7648006716165995
,21.919931805555557,1.0647714331924372,0.7638663784837594
,23.313069742063504,1.065287681388685,0.9518654911793432
,22.532935203823964,1.0656446160913884,1.0526146230158735
,22.10532885461761,1.0649282515466085,1.1042548611111107
,22.715309211760463,1.0651689068615382,1.0707656547619053
,23.131811414141424,1.0662510864209838,0.7644681547619057
,22.279572346681096,1.0651324377361453,0.8507452182539685
,22.532589404761904,1.0652126357764982,0.8148572685185188
,22.553277142857144,1.0654435531469344,0.9759437049062047
,21.79941816849816,1.0648321439028203,1.2379819059644066
,21.93870332722833,1.063850314942855,1.3816360461760462
,21.646134061355305,1.063835908876337,1.2412822505759344
,21.06859251373628,1.0631677440409864,1.2329601731601734
,21.54698347513597,1.064563358514356,1.3762191678691662
,21.34402962592963,1.0633693875826822,1.7653484212108537
,21.221567131340866,1.0647836156107056,1.7537250937950895
,20.51200229007103,1.0638965196082069,1.5052217923280415
,20.166859220779223,1.0657113339702144,1.055034333814334
,23.58350912878786,1.0654566687227807,1.161263030861881
,23.5124272492785,1.0649056802253272,0.797187326097106
,22.691420939754675,1.0649489710419844,1.2512467957752846
,21.783657218614707,1.0639928382062351,1.2932464247353954
,22.913531138167382,1.065122502788016,1.3651108463758457
,21.060364321789326,1.0639551468393673,1.1830002174938594
,20.728812889009145,1.063994440672774,1.5835782030574648
,22.02024601370853,1.0648768380222737,1.0935451968200887
,20.676882841140344,1.0632793318650327,1.4704577720218197
,21.364546286075047,1.0646618078534387,1.1448475014598931
,21.23038965909092,1.0648738872326293,1.094422004351489
,21.035907496392515,1.0649589783913769,1.0447623824122745
,22.041497380952386,1.065623103671101,1.0945127054994692
,21.830721601731604,1.0648600468137426,0.8391314432660366
,21.381588446969694,1.0646750409087797,0.864400117521368
,21.2113129184704,1.0641038054793914,1.0149077960927961
,21.1755994642857,1.0642692954176145,1.1938549253034545
,21.05945109126983,1.0642633902696013,0.8150975104841887
,21.04300220959596,1.0656105010004615,0.8144403513932795
,20.777673412698405,1.0640522593172204,0.8813874512378799
,21.180583908730156,1.0649997036202448,0.9637692982797265
,20.726868400072156,1.0636420519471448,0.9348874649463933
,20.889450284462274,1.0642413271457551,0.8024289839170494
,22.635349269480518,1.065295304291783,0.9648600275623075
,22.056435459956706,1.0649814321916613,0.8792301642750568
,22.277670400432903,1.065933541031608,0.8284696907924466
,22.019635533216782,1.065161185061555,0.9603150479353038
,20.815848757575754,1.0644433069711525,0.9451079136055811
,22.32373322094571,1.064965596715544,0.9796388734074266
,21.178842067099552,1.064639708706317,1.0044659358001262
,21.209277460872453,1.064074237917062,0.8866265402141725
,19.5859829638009,1.0633880295026394,1.5265837175324664
,20.76950180194806,1.0659697719918426,1.0798935449735447
,20.199772593795092,1.065106630151667,1.197485224867725
,19.666754220779225,1.0651414486563326,1.1853480639730634
,19.939812456432453,1.0657465421651076,1.1678016468253969
,14.546548875681754,1.0600505495879415,3.7188608387445807
,16.090590324094457,1.05998794788409,3.5808836471861394
,15.33541483638772,1.0593879045940466,4.289051206709949
,16.596221951078586,1.0607492797275333,3.6115995887445815
,16.369264675853803,1.0599471567116603,4.158795338915462
,16.0412173314274,1.0593865698421971,5.365226464456589
,18.65483047674548,1.0638556412309788,2.403126023004767
,19.62144240440116,1.0637586286900484,1.9039956438985814
,19.41201427780553,1.0631403932535386,2.2974984706959654
,19.489486976218224,1.0640182936864389,1.8538300366300333
,20.313195559163063,1.0640749583820277,1.8896822405372367
,19.891937285353546,1.0641950016709325,1.6762558913308883
,20.615092460317477,1.0642438161445924,1.448245079365078
,19.711190623404367,1.063318486583539,1.1009740476190484
,19.327132032134514,1.0641614848941248,1.1328334163059162
,19.804654918692414,1.0638949212991258,1.2330276733194168
,19.03811123015873,1.064177908078783,1.390440526377216
,19.47473845238095,1.0643586818883066,1.3822254668534066
,18.95558680555555,1.064070820287928,1.5759920144724524
,19.00062763888889,1.063376801983332,1.6598891573295946
,18.301722055583294,1.0631222988463123,2.3143593849206283
,17.89065300948352,1.0626376382174676,3.3870211904761813
,18.852438451402733,1.0621779350937939,3.445894642857135
,18.695595013451783,1.0624709960606051,3.768752435897427
,18.634304715832737,1.0623254328737923,4.0957252380952305
,19.115096285096804,1.0623465312741842,3.6118419841269764
,19.15631111193663,1.0623327165738121,3.585112023809517
,18.806355522423488,1.0626034797000035,3.1898290873015807
,19.169183930061475,1.0630803797959418,3.37157809523809
,19.883145119880123,1.0642811801178629,1.3716513690476189
,20.115124407120664,1.0641949055104385,1.4232239880952369
,20.680532657758917,1.0638128340963382,1.3854368452380947
,20.17879622252747,1.063612011837017,1.589947123015871
,19.63865644078144,1.063171084404644,1.78416593253968
,19.7128324075924,1.0629580370728042,2.1802614682539656
,20.36181508685758,1.0638148291022613,1.9220427377031155
,21.012273059787436,1.0637220969070582,1.918577755531502
,19.773009469627596,1.0619316991955576,2.359940589632884
,21.607168073801194,1.0645925769870384,1.972833855820102
,20.228057337384847,1.0658537244187734,1.0856841468253962
,19.88082692460318,1.065323177674018,1.1326954879148623
,19.736114226190477,1.0650989090304732,1.0865096308600959
,20.112545694444453,1.0646120624099162,1.3601573887966039
,21.34390150356588,1.064345400258401,1.8976630224867697
,21.089419561896435,1.064954513250379,1.2798354365079352
,20.465500395229785,1.063585730978907,1.4991263756613733
,21.314172168040294,1.0649375871576314,1.2678734193121683
,20.82062635912699,1.0640060537874632,1.7032115704665676
,20.4473602930403,1.064838457880081,1.2801737331649827
,19.71021520313021,1.0642331209888551,1.5980598381710849
,20.48000664613166,1.0644107172154285,1.468285003006251
,20.751417778887788,1.0645302629941278,1.5882763071188049
,22.32823569083696,1.0657272344138078,0.7926013261066892
,22.10341397907648,1.0653438108620805,0.8306204718402515
,21.98184299062049,1.0658674003281694,0.8804453481240978
,22.54354660325785,1.0662159333635837,0.763232069252433
,22.40848904978192,1.0652179852883357,0.9917580981028781
,21.587119854532727,1.064900543121584,0.9367137860750363
,20.780191573508187,1.0652164326185016,0.8524797041847048
,20.991843075396833,1.064393352941857,1.6620115554632675
,20.029725302197804,1.0634760938170904,1.7722252856219973
,20.89634003968256,1.0651301177048713,1.2103321903839057
,20.855892539682557,1.0650634452800738,1.5764943530823146
,20.31521200854701,1.06388891122625,1.2909348292727945
,20.149929811299813,1.0634958844657767,1.238790714498679
,20.300754122266625,1.064510715053442,1.2022760515873014
,20.447079692807197,1.064829654823682,0.9638323809523812
,21.131606153846157,1.0656173621332636,1.1131721428571435
,19.86344868048617,1.064049888566269,1.4644282142857117
,19.398675457875445,1.0630942313379863,1.6318445238095207
,19.394621656676648,1.064324074172329,1.642583015873014
,18.40373584498834,1.0634447646957574,1.6085723393989497
,18.207283535790832,1.0643494146788564,1.8572166666666634
,17.679906260946105,1.0635081519609324,2.278897238795513
,17.15849582914836,1.0623786160255542,2.517082361111107
,17.195751100689698,1.0625360939062463,2.3845115966598707
,17.165548878467472,1.0616227100260822,2.9347449137675987
,17.232414429816703,1.06228997241816,2.4745875674815316
,17.244480097109946,1.0619573745801747,2.5850035951741983
,17.099216970653064,1.062320900660772,2.5551499966422404
,17.38663727105527,1.0631737356952669,2.491543512570757
,17.356971059912297,1.0630415480444682,2.4633033394565906
,18.753562908757893,1.0633691825259846,2.4234616316526556
,18.571593642884878,1.0635032542996212,2.2887381137816387
,18.801640448717944,1.0627575169068546,2.3230342743390078
,18.758018849206334,1.0630610374886549,1.8163555663780622
,18.95279227022975,1.06300755821058,1.8781609523809488
,18.787421738122973,1.0625614322966392,2.348516407275515
,18.724275266261504,1.0614643135940858,2.199674296536792
,16.42342601493138,1.0604247793724273,3.2969770292207703
,15.932976658177035,1.0600487927457498,4.294715270911875
,20.859211432815556,1.0653312594583286,1.0301026984126986
,21.088127109222473,1.0648161369297136,0.952994000305251
,20.27064331953994,1.0645359810753137,1.4008974999999975
,19.57910031629317,1.064345449317645,0.8934945238095239
,19.395766726190473,1.0632232219870088,1.424823924845576
,17.301713418060917,1.0603223478400674,2.1825253090659285
,17.29780098748474,1.063302074783445,1.7302222039072013
,17.24143832967708,1.060381849477319,2.4539746011335106
,17.73059867599742,1.0605028731276882,2.435940107085892
,17.588876493457743,1.0604119557079748,2.4989935369491576
,17.374947176415134,1.0603170188392883,2.194355408341653
,16.805902255780214,1.0597300537210734,2.5448998004772956
,16.6160904899072,1.0596153053058412,2.5192534809634743
,15.723393999223969,1.0585248762808286,2.4493508745421195
,15.843702193668413,1.0608192825682061,2.499973656898651
,16.311860011128726,1.0608841697643434,2.448620978327223
,15.576747015096977,1.0601262645475793,2.5936522084859517
,15.731935640827976,1.0604096379176375,1.9086342672605137
,17.22856804936715,1.061626063492063,1.9088076388888848
,17.53704247405372,1.06090975543453,1.5197951099798872
,18.238969509379515,1.0602240328282837,1.1474058928571438
,18.28057256493507,1.0609585122919094,1.042337036019537
,19.016826791125524,1.0605183510525429,0.9920234080184095
,19.4025764141414,1.0614320594924405,1.0846131392593903
,19.253396493506493,1.0602569783236095,1.0330270852670862
,20.276003685064936,1.0611110394905123,1.1190628065381167
,21.738245983044745,1.0611285989193873,1.0296958190333205
,22.21669361853832,1.062381207743676,1.2354110306735304
,21.38802071810543,1.0619142968767654,1.3206520187687685
,21.75588550706647,1.0620199600543168,1.2839829130591622
,20.27963334797555,1.0618332255339984,1.489656524170272
,21.604371522366527,1.0618548568124329,1.4018309920634906
,22.614914812409808,1.0641807808157964,1.2724319011544
,21.330388331741773,1.061582567783093,1.675397506613753
,21.208591396103895,1.0632582367464511,1.005860992063492
,20.642817812049056,1.0635868190761864,1.4131974007936483
,20.19387004689755,1.0636807506285522,1.4201904058441548
,20.55644371212121,1.0628359097769726,1.406537528860028
,19.607555774885448,1.0618575222776216,1.7128006719128297
,20.953025862193353,1.0639899951798735,1.0229055447330442
,20.495781289682533,1.0642394219779188,1.2925583399470901
,21.294375360750355,1.0650152335235474,1.080606139971139
,20.835660606060593,1.064069512590252,1.5419385780423263
,20.674106170634914,1.062215806328293,1.1633556240981233
,20.545600361386974,1.064963650766733,0.9870215476190474
,20.47907713532382,1.0643326537212474,1.2476957189542472
,19.40560985177405,1.0644463081853557,1.625393194444442
,21.157893121976073,1.0641776452259963,1.89926714285714
,21.02477191378066,1.0619605474722253,1.2726170833333328
,20.688518366910866,1.0624747770893945,1.0215432080200493
,20.48016714204912,1.0615518680298557,1.1300216572681694
,22.006115509768,1.0647549984283693,0.9140775793650794
,20.400613464313462,1.0618127576918426,0.9649634294068506
,20.525090425946605,1.0621227415033159,0.8745561877858486
,21.130784128996012,1.0614465519495073,1.1294697073412698
,19.43286696088634,1.0599560139756798,2.7181166666666594
,20.457693128868677,1.060833446375929,2.1275742433414004
,19.130594163267293,1.0598007122180102,2.3846843492965313
,19.522147362012976,1.0610761355000407,2.9007138638262244
,19.547368671536777,1.0606388814602208,2.7423845436507848
,19.381175836038953,1.0608199231268876,2.8776835714285642
,18.85115829004329,1.0607982295282594,2.7930039880952306
,19.465542056878302,1.061178940881529,3.1955798478835913
,20.097598472222213,1.0611265148353537,2.558956726190472
,21.249045986333925,1.0644898638076725,1.7707657142857125
,19.311770373376632,1.0641877963190762,1.4826685403726685
,18.676702111665428,1.063894462400343,1.6281779054520316
,19.28472725055433,1.062650929444121,1.9908425915750871
,18.668590075757574,1.0630561017669538,2.256508061096603
,20.309952575757574,1.0642714841776542,1.471125840548339
,19.560616623376617,1.0650982086227774,1.5328106024531
,19.523605257936516,1.0645589004914722,1.4176529419191908
,18.98193013736264,1.0625886112653802,1.2169334108946617
,20.430209642857136,1.06338408754502,1.1773649206349206
,19.6039039102564,1.063163419764733,1.3034620274170265
,20.281563353174594,1.0638541062229512,1.3216293650793636
,19.134269822954817,1.0634950531281375,1.5914017857142841
,21.632410976662236,1.0647322868431026,1.2183631709956702
,22.008051101455735,1.0641216186700193,1.1725951505161494
,21.696476021062264,1.06387022961317,1.268307255494504
,20.82174604645354,1.0625593933041881,1.534006818181816
,21.005609016955262,1.0629080404676925,1.639010152319899
,21.918084928127424,1.0655342081981123,1.1410614999999995
,21.68388333333332,1.0649765827582103,1.290093961843711
,21.45751360028859,1.0654057107211425,1.1170245158730152
,19.47811996420245,1.064368982119386,1.8013152479187433
,21.410215851648342,1.066262693362033,1.1715943650793652
,20.97987010281383,1.0664370929901823,1.0088540873015868
,21.31261053571428,1.0664741482135254,0.9207341468253968
,20.904105972222204,1.065950126977394,1.3492212499999983
,20.45629674603174,1.0638986660642091,1.717327208141318
,20.59797253968254,1.064353559484965,1.4139121550671538
,20.397833174603157,1.0643948371656176,1.174313014002126
,20.190468690476173,1.0638905306338184,1.2254561434199338
,20.47317101190475,1.0639251980082434,1.3761930419090682
,19.515407500000006,1.0631739713365227,1.4789853137344653
,19.74337228174603,1.0612855688991514,2.953299440476184
,20.546408293650785,1.0614513773085785,2.7736623244810685
,19.00393653148322,1.058403397163266,3.4502435527761657
,20.08046213744589,1.058826386420597,3.15428298197416
,17.855647837301582,1.0599642667895446,3.8063120647408057
,17.8129572543184,1.0602845670938157,3.552190362554106
,18.150073392902037,1.0604322972364333,2.816500384337877
,17.9114631548068,1.0607319114665057,2.3364954510766953
,17.476817874625382,1.0598846997382128,2.872371849539343
,17.55195122779999,1.0603900058628923,2.699067319624813
,17.103734325396825,1.0602431071396348,2.9462733025451495
,18.047268730158738,1.0592526314401969,2.2708109594199772
,17.752510793650796,1.0585273318070818,2.609374669595104
,17.660290555555555,1.0579140629374444,3.0068063164205
,17.788606666666677,1.0579849683454416,3.074292884606719
,17.77032573412699,1.058333401704327,2.92059738349654
,18.496529583333338,1.0586105305977502,3.1675783397078856
,18.158557857142856,1.0588417466222233,2.707437364291403
,17.15998654220779,1.0590509978607505,2.89807059674775
,17.346360573593078,1.0589706814038473,2.892420965561854
,17.295191148989897,1.0587382279917308,2.934092642195759
,17.534656426767675,1.0596564560137087,2.770663494095284
,17.540951165223657,1.0593040916003014,2.5760446378802304
,17.29417735569986,1.0591627043715457,2.796111297933138
,16.85320858946608,1.0587491220764362,3.128397585067349
,18.845982188950746,1.0597553118451102,2.6979376630821235
,18.781942658730156,1.0589339215072366,2.786401558594782
,19.168291984126984,1.0586586693344848,2.675422829870622
,19.319533102453107,1.0590824886224888,2.680693289364011
,18.854878849206347,1.0597443930390265,2.662930388414419
,18.676651944444444,1.0601407101288356,2.442010731672927
,18.928033043345554,1.060194681854282,2.624487743203554
,19.1402420734127,1.0599535630292563,2.265296502349619
,18.14311742979243,1.0594990965459026,2.5452494971277075
,17.90194807655934,1.0592060441762343,2.8663675732600655
,18.372655378146636,1.0600803004633195,2.567104869887052
,18.930913673601186,1.0602222136427326,2.8640437998112906
,18.421058093470528,1.0600246890793934,2.9034288660460335
,18.96334008481253,1.0606536227164856,2.066719577679261
,19.081570588475536,1.0599450025876582,2.4768374158827227
,18.503725112285057,1.0593380090291205,2.511855355989319
,19.81008134050129,1.0601030226365002,2.3597640110399283
,19.76692766084761,1.0609879551336878,2.1994407503607434
,20.66503494078989,1.0612853766469947,1.9387181461940797
,19.8612116314935,1.0597747497138874,2.8461042408979877
,19.178237435064933,1.059520334666836,3.1893466688428473
,19.853037570970688,1.0598868489874032,2.711100787164221
,18.301412337384832,1.0588867870690672,3.288205663678421
,20.456584166980363,1.0597240727046557,2.1947686273448728
,20.30243706380576,1.0603902225853703,2.1370815588924916
,20.18762794493852,1.0589789303917256,2.7411662860750297
,20.375662012398838,1.0604637171841664,2.560124257305188
,20.35648709176391,1.060223912652881,3.1367187166305843
,20.888037106193924,1.0595825687718046,3.123855571789315
,20.031403294413927,1.0578212641681635,2.5563992346445756
,19.998067361874238,1.059521729769078,2.7858680382205443
,19.79652807615996,1.0588672900407254,2.8810186810776868
,19.75867719246032,1.0589404977394594,2.7691671778711417
,20.580292847222232,1.060128596587492,2.4852941185273
,20.219667612734494,1.0595366250320162,2.664243747553414
,19.741238680555558,1.0596808796043264,2.657150821721766
,19.86077826930015,1.058835330570028,2.872809589348553
,19.311569281204896,1.0596249481746447,3.1365570634920568
,18.680690278679638,1.0574847013072912,3.16233065572024
,18.417197881313946,1.0584917405417633,3.6937533212946843
,18.46389817071816,1.0593467317055234,3.321465164039172
,19.621064638972133,1.0607212481315549,2.085430670995665
,19.53496797230547,1.0599680053779315,2.2725012369939943
,20.22647340881341,1.060373968189275,1.8910682142857105
,19.829562222222222,1.0597408242928876,2.415730689484121
,19.466240090187593,1.0595733423177867,2.5295030365828435
,18.204350744949494,1.0592036354138552,2.477417261332272
,18.784424951298693,1.0598469926059684,2.444337493963018
,19.922597896964145,1.0599688763074324,2.1775201286431543
,17.64396159992784,1.059194521845734,3.2280670997459384
,17.755608062692126,1.058767062604793,3.024501786718872
,17.787671513347753,1.0580708724893524,3.6553273529119394
,14.991802059884542,1.0581285708315806,3.7327396288815824
,15.079576578699085,1.0576450312353407,3.6019410167438686
,15.130770539738046,1.0585200712719298,3.3664471958101903
,14.28432059760891,1.0580703963174332,3.4251642249060774
,15.411243894312214,1.058608022122141,3.1136012207061547
,15.674535225619797,1.0598017739460823,2.809445409586477
,16.063710910906728,1.0589300971931241,3.1322210731275435
,15.649467696621011,1.0589570226878555,3.203549252952106
,15.515903953974766,1.0581431162470742,3.748157814460043
,15.522241082401898,1.0582937103174601,3.6715185185185106
,16.496138473470968,1.0591327283644711,3.3297499919361617
,16.31152582015207,1.058363986344537,3.564722375034802
,16.194084510628258,1.058418814893181,3.5728427718601976
,16.590060884454154,1.060010184373374,3.466529101225278
,16.823925041157665,1.0592365090947522,3.402950589320517
,16.261816849617407,1.0589307069349552,4.065778600614777
,16.446930604395604,1.0589911849992857,3.455362552920643
,15.800254386989742,1.0593683723892586,4.096422900949805
,16.981037966269845,1.059776390554668,4.081394029026522
,18.540451290584393,1.0577492334825955,3.098614683498019
,18.652974871933605,1.0584264554559202,2.911618785103778
,17.41224590367964,1.0587914816896071,3.4421330015688363
,17.335321796536782,1.0585162389258351,3.4559078626799478
,17.81069044677545,1.0608572580660083,2.6776731013708455
,18.256214328449335,1.0609517717005217,2.475786732323227
,18.540220803918313,1.060076077002708,2.4374264444166887
,18.258575963203473,1.0604298336627145,2.644198143550887
,17.9468544943945,1.0608986960503266,2.4658826150516084
,17.641801943473194,1.060700674629882,2.57073457572982
,16.862135241702745,1.0602469763488334,2.8967191237994587
,17.47192719932241,1.0595572421020225,3.280959708391017
,17.252762264257477,1.0591850497557986,3.323575287395347
,17.300056397907646,1.0585434807583713,3.751226147608981
,17.659252721167714,1.058806127943693,3.735680108604838
,17.152988078310575,1.059104063543562,3.8635671289637066
,17.180193155972823,1.0584625825290095,4.166410383374451
,18.53882853105228,1.05999488891702,2.6827415104034156
,18.259837553418805,1.0604721240261084,2.5875090067405346
,17.285730331196582,1.0593535172255282,3.1418278465483875
,17.365115954490772,1.0594017239154183,3.314878485315443
,17.056082989926736,1.0584778512369275,3.333770458494799
,16.21467520121627,1.0584402979319814,3.5108415769460355
,16.8706598015873,1.0592757438804892,3.300356841787431
,16.711267460317455,1.058811355936525,3.5153560416666583
,17.251489301500932,1.0587217030271936,3.8534512862318753
,17.257622519841256,1.0580747384680538,3.8859984687715583
,17.917825393772876,1.061008433665829,2.6420356960129188
,17.815325652958133,1.060971529185646,2.9826067624223525
,18.574728784826267,1.0608038755605358,2.798297368103221
,18.2323844178044,1.0599963407117083,2.3276377579365017
,18.443856507936488,1.0600301586513696,2.051220087991715
,18.615927718253946,1.0603816924677947,2.1268738379917136
,19.297173775252514,1.0606473323146945,2.2126987387853636
,18.795398373015864,1.0593631717530347,2.5541629808483197
,19.048392871572865,1.059836424566539,2.614498680022726
,18.25049471722722,1.0595134829886403,2.413301802646172
,18.937538241341983,1.0601009953977287,2.409005245380975
,18.749556336580078,1.0601365382345216,2.076539755962987
,19.21640719738595,1.060914082699316,2.1136064137237427
,19.068014455266955,1.0598773951501241,2.018727543818249
,19.020011475885216,1.0605250529374113,2.1278206518525233
,19.656322034184925,1.060789878476151,2.2098741833355544
,19.659388993475623,1.0611937523847195,1.9771779267217982
,17.225913820346307,1.05897037283927,3.541998100775185
,18.24827739177488,1.059808642124821,2.8287071819717657
,17.910197406204894,1.0590605181806605,3.1852276336758623
,18.492507857142854,1.0608400970403076,3.4824666854312705
,19.55622324134198,1.060572763296844,2.1342713816619865
,18.870622036435776,1.0589676713168024,2.6598806652352947
,20.03841511679675,1.0614578594378212,2.366865724915954
,19.797340423881668,1.0607291595277613,2.086766124247617
,19.31494850965389,1.0605431427552396,2.541556796344523
,18.845938472222212,1.0606730379587206,2.6167419550746827
,18.749231527777763,1.0611186653363331,2.6502817191323094
,18.750873392857123,1.0611699094560934,2.7112720365926264
,18.4746798647186,1.0608578261227601,2.8439348540529443
,18.836694805194792,1.06127382515847,2.2871187536170816
,17.870256293290037,1.060492021726395,2.5157077990832626
,18.246192543290032,1.0600244466903204,2.6532637435277078
,17.669545876623364,1.0597207781079447,2.293624849567095
,19.31614423160174,1.0611134963235072,2.0193411194083652
,19.341158018676595,1.0602621842952487,2.344152724132184
,18.04724460184015,1.059646549880364,2.5316339741321823
,18.868993769841268,1.0610851640300598,3.0989842113111887
,19.33521656385281,1.0609359099787992,2.384815941768177
,19.33448918290043,1.0609835215083516,2.1209695066625844
,19.293379817821055,1.0602642911553715,2.1768090602340138
,19.77040199585136,1.061052540614246,1.6914646058689362
,20.00436649461649,1.0608668421349494,1.787782037116627
,19.849221373765122,1.0612152924633567,1.7368800133071047
,20.09278967643468,1.0607800374777627,1.2751883734748914
,20.615192198079697,1.0607951384586534,1.2308761371283756
,20.013249532412033,1.0598639708657582,1.4522631735265168
,19.912221800421804,1.0595062397080264,2.1256403428386843
,19.181263284215785,1.0591323940166812,2.105764231727571
,19.402991389829285,1.0595762660182175,2.168388219822809
,19.112948369685874,1.0593653210976521,2.1363961419719337
,19.77970045217037,1.060306469120728,2.2477094935974136
,19.187473035714273,1.0605792420195652,2.740057048116741
,18.220128263366746,1.0604679815281073,2.629268114221139
,19.46890614357864,1.0598296687500457,2.693698668538089
,19.38989480158729,1.06035789091453,2.6890785255992045
,19.39807813492063,1.0604195888723693,2.305007794605054
,19.397678809523804,1.0605562263029364,2.3618250745473355
,19.086687857142845,1.0605229218581294,3.49739784873912
,20.061327442279932,1.062289882989816,3.191492372548643
,21.40467043650793,1.062398848217117,3.1604666118768523
,20.648493134920628,1.0621441236103062,3.198545238303034
,18.772663734737474,1.0626493691660954,3.1848009012746457
,18.641797110805857,1.061585790679626,3.34839681311967
,17.470041793345537,1.0611654473304466,3.3417444126244065
,18.471753856837598,1.061416723655747,3.1662334864000927
,17.899253906371403,1.0614100672364033,3.005104360870604
,18.53775127289379,1.061652281827368,2.61090698665223
,18.03381373321124,1.0617427335602991,2.72792127597402
